t;Extract;Cag;Rt;A_405;A_450;A_492;A_630
0;leaves;1;10;0.221;0.207;0.256;0.22
0;leaves;2;10;0.234;0.213;0.258;0.225
0;leaves;3;10;0.256;0.242;0.276;0.253
0;leaves;4;10;0.206;0.197;0.239;0.207
0;leaves;1;10;0.205;0.189;0.231;0.198
0;leaves;2;10;0.184;0.164;0.2;0.168
0;leaves;3;10;0.18;0.168;0.196;0.172
0;leaves;4;10;0.152;0.144;0.176;0.152
0;leaves;1;40;0.248;0.235;0.283;0.242
0;leaves;2;40;0.295;0.274;0.319;0.284
0;leaves;3;40;0.258;0.245;0.283;0.254
0;leaves;4;40;0.294;0.285;0.307;0.293
0;leaves;1;40;0.267;0.258;0.275;0.251
0;leaves;2;40;0.294;0.276;0.305;0.276
0;leaves;3;40;0.288;0.272;0.302;0.273
0;leaves;4;40;0.277;0.272;0.285;0.257
0;leaves;1;80;0.347;0.328;0.38;0.34
0;leaves;2;80;0.369;0.345;0.395;0.357
0;leaves;3;80;0.374;0.358;0.404;0.371
0;leaves;4;80;0.384;0.367;0.415;0.376
0;leaves;1;80;0.316;0.31;0.329;0.306
0;leaves;2;80;0.355;0.339;0.355;0.336
0;leaves;3;80;0.359;0.351;0.368;0.353
0;leaves;4;80;0.335;0.318;0.349;0.319
0;leaves;1;100;0.347;0.339;0.364;0.344
0;leaves;2;100;0.499;0.486;0.504;0.491
0;leaves;3;100;0.401;0.4;0.415;0.406
0;leaves;4;100;0.455;0.442;0.48;0.451
0;leaves;1;100;0.342;0.327;0.378;0.334
0;leaves;2;100;0.379;0.364;0.403;0.372
0;leaves;3;100;0.389;0.384;0.42;0.393
0;leaves;4;100;0.414;0.406;0.455;0.409
0;B;1;10;0.223;0.211;0.243;0.222
0;B;2;10;0.635;0.596;0.625;0.616
0;B;3;10;0.388;0.335;0.358;0.353
0;B;4;10;0.342;0.347;0.379;0.372
0;B;1;10;0.281;0.268;0.297;0.276
0;B;2;10;0.116;0.107;0.124;0.107
0;B;3;10;0.388;0.385;0.41;0.391
0;B;4;10;0.424;0.402;0.431;0.412
0;B;1;40;0.362;0.359;0.402;0.384
0;B;2;40;0.722;0.712;0.751;0.742
0;B;3;40;0.718;0.732;0.779;0.778
0;B;4;40;0.836;0.884;0.965;0.984
0;B;1;40;0.401;0.398;0.436;0.418
0;B;2;40;0.647;0.63;0.654;0.653
0;B;3;40;0.76;0.763;0.806;0.804
0;B;4;40;0.746;0.777;0.838;0.842
0;B;1;80;0.379;0.367;0.407;0.383
0;B;2;80;0.617;0.651;0.702;0.691
0;B;3;80;0.983;1.015;1.093;1.108
0;B;4;80;0.93;1.021;1.146;1.191
0;B;1;80;0.296;0.29;0.312;0.299
0;B;2;80;0.557;0.58;0.61;0.603
0;B;3;80;0.898;0.932;0.992;1.013
0;B;4;80;0.848;0.944;1.06;1.107
0;B;1;100;0.342;0.339;0.359;0.35
0;B;2;100;0.541;0.566;0.613;0.602
0;B;3;100;0.887;0.927;0.986;1.014
0;B;4;100;0.794;0.901;1.027;1.068
0;B;1;100;0.351;0.343;0.375;0.356
0;B;2;100;0.61;0.637;0.683;0.677
0;B;3;100;0.899;0.931;1.023;1.051
0;B;4;100;0.896;1.021;1.166;1.232
0;flower;1;10;0.249;0.247;0.268;0.255
0;flower;2;10;0.197;0.191;0.208;0.197
0;flower;3;10;0.253;0.25;0.266;0.261
0;flower;4;10;0.296;0.296;0.309;0.304
0;flower;1;10;0.185;0.178;0.199;0.18
0;flower;2;10;0.161;0.156;0.164;0.151
0;flower;3;10;0.189;0.184;0.192;0.185
0;flower;4;10;0.207;0.204;0.211;0.205
0;flower;1;40;0.239;0.233;0.259;0.238
0;flower;2;40;0.237;0.23;0.25;0.23
0;flower;3;40;0.261;0.256;0.272;0.262
0;flower;4;40;0.251;0.249;0.265;0.255
0;flower;1;40;0.252;0.246;0.264;0.243
0;flower;2;40;0.252;0.248;0.265;0.247
0;flower;3;40;0.348;0.342;0.347;0.339
0;flower;4;40;0.324;0.32;0.329;0.317
0;flower;1;80;0.322;0.315;0.347;0.322
0;flower;2;80;0.304;0.297;0.32;0.304
0;flower;3;80;0.342;0.339;0.357;0.349
0;flower;4;80;0.351;0.348;0.374;0.361
0;flower;1;80;0.302;0.295;0.31;0.29
0;flower;2;80;0.265;0.257;0.268;0.261
0;flower;3;80;0.305;0.299;0.305;0.296
0;flower;4;80;0.294;0.289;0.303;0.29
0;flower;1;100;0.357;0.353;0.375;0.351
0;flower;2;100;0.341;0.334;0.36;0.341
0;flower;3;100;0.369;0.364;0.375;0.363
0;flower;4;100;0.336;0.339;0.363;0.345
0;flower;1;100;0.33;0.323;0.358;0.327
0;flower;2;100;0.349;0.342;0.365;0.345
0;flower;3;100;0.353;0.348;0.367;0.355
0;flower;4;100;0.344;0.342;0.362;0.349
10;leaves;1;10;0.242;0.251;0.226;0.218
10;leaves;2;10;0.244;0.254;0.229;0.225
10;leaves;3;10;0.291;0.289;0.279;0.268
10;leaves;4;10;0.229;0.23;0.216;0.206
10;leaves;1;10;0.214;0.232;0.204;0.196
10;leaves;2;10;0.182;0.202;0.176;0.171
10;leaves;3;10;0.189;0.196;0.182;0.175
10;leaves;4;10;0.167;0.173;0.159;0.154
10;leaves;1;40;0.264;0.278;0.249;0.239
10;leaves;2;40;0.305;0.318;0.293;0.289
10;leaves;3;40;0.276;0.282;0.262;0.259
10;leaves;4;40;0.305;0.307;0.292;0.291
10;leaves;1;40;0.283;0.374;0.283;0.275
10;leaves;2;40;0.294;0.4;0.29;0.287
10;leaves;3;40;0.293;0.404;0.289;0.284
10;leaves;4;40;0.253;0.416;0.254;0.244
10;leaves;1;80;0.358;0.338;0.341;0.332
10;leaves;2;80;0.385;0.374;0.37;0.366
10;leaves;3;80;0.398;0.388;0.38;0.372
10;leaves;4;80;0.402;0.369;0.388;0.371
10;leaves;1;80;0.318;0.369;0.321;0.317
10;leaves;2;80;0.353;0.522;0.357;0.355
10;leaves;3;80;0.372;0.428;0.377;0.373
10;leaves;4;80;0.348;0.5;0.344;0.327
10;leaves;1;100;0.355;0.374;0.35;0.346
10;leaves;2;100;0.509;0.414;0.506;0.506
10;leaves;3;100;0.426;0.419;0.422;0.42
10;leaves;4;100;0.485;0.456;0.477;0.458
10;leaves;1;100;0.358;0.238;0.342;0.337
10;leaves;2;100;0.399;0.681;0.389;0.386
10;leaves;3;100;0.412;0.414;0.405;0.403
10;leaves;4;100;0.443;0.417;0.424;0.407
10;B;1;10;0.233;0.238;0.224;0.22
10;B;2;10;0.678;0.68;0.675;0.672
10;B;3;10;0.414;0.141;0.411;0.402
10;B;4;10;0.42;0.417;0.413;0.413
10;B;1;10;0.307;0.324;0.308;0.31
10;B;2;10;0.113;0.124;0.11;0.108
10;B;3;10;0.404;0.412;0.402;0.401
10;B;4;10;0.451;0.472;0.478;0.478
10;B;1;40;0.455;0.466;0.448;0.458
10;B;2;40;0.853;0.865;0.853;0.854
10;B;3;40;0.902;0.912;0.898;0.907
10;B;4;40;1.211;1.222;1.219;1.227
10;B;1;40;0.485;0.503;0.489;0.491
10;B;2;40;0.747;0.769;0.767;0.77
10;B;3;40;0.928;0.952;0.944;0.94
10;B;4;40;1.009;1.032;1.026;1.023
10;B;1;80;0.396;0.404;0.383;0.384
10;B;2;80;0.841;0.851;0.834;0.841
10;B;3;80;1.355;1.369;1.374;1.399
10;B;4;80;1.563;1.572;1.567;1.581
10;B;1;80;0.308;0.325;0.312;0.32
10;B;2;80;0.728;0.745;0.732;0.741
10;B;3;80;1.277;1.298;1.302;1.315
10;B;4;80;1.469;1.489;1.5;1.517
10;B;1;100;0.353;0.368;0.352;0.352
10;B;2;100;0.716;0.733;0.714;0.726
10;B;3;100;1.307;1.338;1.341;1.349
10;B;4;100;1.439;1.465;1.462;1.481
10;B;1;100;0.363;0.377;0.357;0.358
10;B;2;100;0.804;0.818;0.804;0.81
10;B;3;100;1.34;1.365;1.357;1.377
10;B;4;100;1.733;1.75;1.761;1.786
10;flower;1;10;0.262;0.253;0.251;0.251
10;flower;2;10;0.209;0.2;0.197;0.2
10;flower;3;10;0.272;0.26;0.257;0.261
10;flower;4;10;0.308;0.294;0.295;0.297
10;flower;1;10;0.186;0.183;0.182;0.182
10;flower;2;10;0.154;0.155;0.154;0.155
10;flower;3;10;0.198;0.194;0.192;0.192
10;flower;4;10;0.205;0.2;0.204;0.201
10;flower;1;40;0.244;0.239;0.236;0.235
10;flower;2;40;0.239;0.234;0.233;0.232
10;flower;3;40;0.272;0.263;0.261;0.263
10;flower;4;40;0.26;0.249;0.25;0.252
10;flower;1;40;0.248;0.256;0.25;0.248
10;flower;2;40;0.246;0.253;0.252;0.246
10;flower;3;40;0.343;0.352;0.348;0.348
10;flower;4;40;0.322;0.322;0.32;0.323
10;flower;1;80;0.333;0.32;0.323;0.324
10;flower;2;80;0.319;0.313;0.311;0.311
10;flower;3;80;0.364;0.353;0.346;0.347
10;flower;4;80;0.369;0.356;0.357;0.36
10;flower;1;80;0.293;0.299;0.3;0.299
10;flower;2;80;0.267;0.274;0.277;0.274
10;flower;3;80;0.303;0.315;0.312;0.311
10;flower;4;80;0.294;0.297;0.296;0.297
10;flower;1;100;0.362;0.365;0.362;0.362
10;flower;2;100;0.351;0.354;0.351;0.346
10;flower;3;100;0.375;0.386;0.38;0.379
10;flower;4;100;0.357;0.358;0.354;0.356
10;flower;1;100;0.338;0.334;0.33;0.33
10;flower;2;100;0.357;0.356;0.357;0.355
10;flower;3;100;0.367;0.366;0.36;0.358
10;flower;4;100;0.364;0.357;0.356;0.36
20;leaves;1;10;0.241;0.27;0.256;0.25
20;leaves;2;10;0.245;0.273;0.259;0.252
20;leaves;3;10;0.285;0.309;0.306;0.3
20;leaves;4;10;0.227;0.251;0.24;0.231
20;leaves;1;10;0.217;0.242;0.228;0.23
20;leaves;2;10;0.188;0.211;0.196;0.196
20;leaves;3;10;0.195;0.209;0.198;0.197
20;leaves;4;10;0.168;0.187;0.177;0.172
20;leaves;1;40;0.264;0.295;0.281;0.277
20;leaves;2;40;0.312;0.341;0.327;0.322
20;leaves;3;40;0.284;0.309;0.292;0.289
20;leaves;4;40;0.303;0.322;0.311;0.306
20;leaves;1;40;0.293;0.314;0.305;0.312
20;leaves;2;40;0.306;0.326;0.312;0.314
20;leaves;3;40;0.31;0.328;0.311;0.313
20;leaves;4;40;0.26;0.285;0.278;0.281
20;leaves;1;80;0.62;0.396;0.382;0.376
20;leaves;2;80;0.392;0.424;0.409;0.402
20;leaves;3;80;0.407;0.434;0.417;0.413
20;leaves;4;80;0.408;0.442;0.431;0.426
20;leaves;1;80;0.33;0.342;0.333;0.342
20;leaves;2;80;0.371;0.383;0.376;0.38
20;leaves;3;80;0.398;0.411;0.396;0.401
20;leaves;4;80;0.366;0.386;0.383;0.389
20;leaves;1;100;0.358;0.375;0.369;0.369
20;leaves;2;100;0.506;0.522;0.517;0.516
20;leaves;3;100;0.436;0.447;0.44;0.438
20;leaves;4;100;0.482;0.502;0.504;0.5
20;leaves;1;100;0.355;0.387;0.373;0.369
20;leaves;2;100;0.409;0.436;0.421;0.416
20;leaves;3;100;0.424;0.447;0.433;0.431
20;leaves;4;100;0.446;0.476;0.47;0.465
20;B;1;10;0.229;0.249;0.243;0.234
20;B;2;10;0.693;0.724;0.726;0.704
20;B;3;10;0.426;0.456;0.435;0.422
20;B;4;10;0.436;0.45;0.441;0.439
20;B;1;10;0.329;0.346;0.339;0.341
20;B;2;10;0.115;0.133;0.118;0.117
20;B;3;10;0.412;0.427;0.427;0.416
20;B;4;10;0.473;0.487;0.493;0.487
20;B;1;40;0.508;0.53;0.527;0.523
20;B;2;40;0.912;0.938;0.932;0.929
20;B;3;40;0.97;0.989;0.984;0.977
20;B;4;40;1.304;1.311;1.322;1.319
20;B;1;40;0.543;0.56;0.553;0.558
20;B;2;40;0.827;0.848;0.845;0.849
20;B;3;40;0.999;1.025;1.017;1.014
20;B;4;40;1.081;1.087;1.098;1.089
20;B;1;80;0.388;0.413;0.406;0.397
20;B;2;80;0.946;0.977;0.967;0.959
20;B;3;80;1.539;1.566;1.565;1.553
20;B;4;80;1.703;1.698;1.697;1.707
20;B;1;80;0.317;0.327;0.325;0.328
20;B;2;80;0.866;0.89;0.879;0.877
20;B;3;80;1.44;1.451;1.455;1.466
20;B;4;80;1.649;1.663;1.661;1.675
20;B;1;100;0.35;0.367;0.364;0.361
20;B;2;100;0.819;0.851;0.848;0.85
20;B;3;100;1.496;1.523;1.526;1.534
20;B;4;100;1.638;1.66;1.668;1.673
20;B;1;100;0.356;0.381;0.373;0.366
20;B;2;100;0.898;0.921;0.919;0.919
20;B;3;100;1.537;1.567;1.569;1.57
20;B;4;100;1.966;1.984;2.007;2.003
20;flower;1;10;0.26;0.271;0.268;0.26
20;flower;2;10;0.207;0.217;0.208;0.205
20;flower;3;10;0.276;0.285;0.285;0.277
20;flower;4;10;0.298;0.306;0.303;0.294
20;flower;1;10;0.19;0.195;0.195;0.192
20;flower;2;10;0.16;0.163;0.156;0.16
20;flower;3;10;0.21;0.21;0.208;0.209
20;flower;4;10;0.205;0.206;0.206;0.202
20;flower;1;40;0.244;0.255;0.254;0.245
20;flower;2;40;0.245;0.255;0.25;0.245
20;flower;3;40;0.276;0.285;0.285;0.28
20;flower;4;40;0.257;0.265;0.258;0.253
20;flower;1;40;0.257;0.261;0.258;0.26
20;flower;2;40;0.256;0.258;0.254;0.258
20;flower;3;40;0.353;0.355;0.355;0.356
20;flower;4;40;0.327;0.328;0.321;0.325
20;flower;1;80;0.331;0.342;0.341;0.333
20;flower;2;80;0.332;0.341;0.337;0.332
20;flower;3;80;0.372;0.379;0.378;0.375
20;flower;4;80;0.368;0.376;0.372;0.366
20;flower;1;80;0.306;0.309;0.307;0.313
20;flower;2;80;0.292;0.292;0.292;0.298
20;flower;3;80;0.331;0.332;0.334;0.339
20;flower;4;80;0.307;0.306;0.302;0.307
20;flower;1;100;0.369;0.379;0.378;0.376
20;flower;2;100;0.361;0.369;0.366;0.376
20;flower;3;100;0.396;0.404;0.406;0.406
20;flower;4;100;0.367;0.373;0.366;0.369
20;flower;1;100;0.337;0.348;0.344;0.339
20;flower;2;100;0.368;0.375;0.372;0.369
20;flower;3;100;0.376;0.383;0.38;0.376
20;flower;4;100;0.369;0.373;0.365;0.365
30;leaves;1;10;0.279;0.252;0.256;0.255
30;leaves;2;10;0.281;0.254;0.259;0.256
30;leaves;3;10;0.335;0.32;0.329;0.324
30;leaves;4;10;0.253;0.229;0.239;0.238
30;leaves;1;10;0.249;0.226;0.224;0.233
30;leaves;2;10;0.217;0.196;0.193;0.199
30;leaves;3;10;0.217;0.199;0.198;0.201
30;leaves;4;10;0.189;0.171;0.177;0.178
30;leaves;1;40;0.307;0.278;0.277;0.284
30;leaves;2;40;0.356;0.332;0.336;0.335
30;leaves;3;40;0.329;0.306;0.312;0.308
30;leaves;4;40;0.333;0.318;0.32;0.321
30;leaves;1;40;0.335;0.318;0.311;0.325
30;leaves;2;40;0.34;0.322;0.318;0.326
30;leaves;3;40;0.345;0.328;0.326;0.332
30;leaves;4;40;0.297;0.276;0.27;0.289
30;leaves;1;80;0.404;0.372;0.375;0.378
30;leaves;2;80;0.444;0.414;0.417;0.417
30;leaves;3;80;0.466;0.438;0.447;0.445
30;leaves;4;80;0.472;0.447;0.453;0.455
30;leaves;1;80;0.351;0.339;0.329;0.345
30;leaves;2;80;0.401;0.39;0.383;0.394
30;leaves;3;80;0.437;0.43;0.428;0.437
30;leaves;4;80;0.415;0.402;0.398;0.419
30;leaves;1;100;0.382;0.365;0.366;0.371
30;leaves;2;100;0.541;0.524;0.523;0.527
30;leaves;3;100;0.47;0.463;0.468;0.466
30;leaves;4;100;0.529;0.514;0.519;0.53
30;leaves;1;100;0.393;0.36;0.365;0.37
30;leaves;2;100;0.449;0.425;0.427;0.427
30;leaves;3;100;0.465;0.443;0.45;0.452
30;leaves;4;100;0.498;0.474;0.48;0.486
30;B;1;10;0.256;0.233;0.241;0.237
30;B;2;10;0.752;0.72;0.744;0.733
30;B;3;10;0.454;0.444;0.454;0.433
30;B;4;10;0.463;0.45;0.459;0.448
30;B;1;10;0.361;0.344;0.346;0.355
30;B;2;10;0.126;0.116;0.113;0.122
30;B;3;10;0.431;0.417;0.425;0.419
30;B;4;10;0.491;0.486;0.495;0.495
30;B;1;40;0.578;0.558;0.566;0.566
30;B;2;40;0.991;0.961;0.969;0.971
30;B;3;40;1.014;1.002;1.014;0.998
30;B;4;40;1.372;1.357;1.365;1.365
30;B;1;40;0.602;0.585;0.585;0.599
30;B;2;40;0.911;0.889;0.889;0.902
30;B;3;40;1.047;1.042;1.051;1.044
30;B;4;40;1.125;1.122;1.128;1.1264
30;B;1;80;0.419;0.392;0.4;0.4
30;B;2;80;1.073;1.049;1.062;1.064
30;B;3;80;1.657;1.638;1.653;1.627
30;B;4;80;1.714;1.78;1.788;1.769
30;B;1;80;0.332;0.321;0.317;0.33
30;B;2;80;0.945;0.946;0.953;0.966
30;B;3;80;1.559;1.557;1.57;1.577
30;B;4;80;1.763;1.76;1.757;1.771
30;B;1;100;0.371;0.353;0.355;0.361
30;B;2;100;0.916;0.907;0.914;0.921
30;B;3;100;1.642;1.644;1.665;1.657
30;B;4;100;1.763;1.757;1.773;1.783
30;B;1;100;0.384;0.357;0.365;0.368
30;B;2;100;1.005;1.001;1.013;1.002
30;B;3;100;1.649;1.644;1.662;1.646
30;B;4;100;2.094;2.075;2.096;2.069
30;flower;1;10;0.277;0.268;0.277;0.265
30;flower;2;10;0.233;0.21;0.222;0.21
30;flower;3;10;0.295;0.289;0.298;0.285
30;flower;4;10;0.309;0.299;0.309;0.295
30;flower;1;10;0.197;0.2;0.199;0.198
30;flower;2;10;0.173;0.163;0.166;0.166
30;flower;3;10;0.221;0.222;0.22;0.22
30;flower;4;10;0.212;0.208;0.211;0.209
30;flower;1;40;0.255;0.25;0.254;0.248
30;flower;2;40;0.272;0.261;0.269;0.26
30;flower;3;40;0.307;0.304;0.31;0.302
30;flower;4;40;0.268;0.262;0.268;0.257
30;flower;1;40;0.259;0.263;0.258;0.265
30;flower;2;40;0.266;0.262;0.262;0.263
30;flower;3;40;0.355;0.36;0.356;0.358
30;flower;4;40;0.329;0.328;0.325;0.325
30;flower;1;80;0.341;0.34;0.347;0.338
30;flower;2;80;0.367;0.358;0.368;0.357
30;flower;3;80;0.416;0.412;0.417;0.411
30;flower;4;80;0.393;0.386;0.397;0.384
30;flower;1;80;0.31;0.322;0.317;0.326
30;flower;2;80;0.317;0.319;0.319;0.323
30;flower;3;80;0.363;0.372;0.364;0.374
30;flower;4;80;0.322;0.325;0.321;0.325
30;flower;1;100;0.38;0.377;0.381;0.382
30;flower;2;100;0.382;0.381;0.385;0.383
30;flower;3;100;0.419;0.424;0.424;0.425
30;flower;4;100;0.378;0.375;0.374;0.376
30;flower;1;100;0.345;0.343;0.349;0.346
30;flower;2;100;0.396;0.392;0.398;0.392
30;flower;3;100;0.399;0.396;0.398;0.395
30;flower;4;100;0.381;0.377;0.378;0.373
40;leaves;1;10;0.269;0.274;0.257;0.264
40;leaves;2;10;0.273;0.28;0.262;0.268
40;leaves;3;10;0.338;0.34;0.333;0.337
40;leaves;4;10;0.254;0.254;0.242;0.252
40;leaves;1;10;0.24;0.249;0.231;0.229
40;leaves;2;10;0.214;0.222;0.204;0.2
40;leaves;3;10;0.216;0.22;0.209;0.206
40;leaves;4;10;0.195;0.196;0.184;0.186
40;leaves;1;40;0.3;0.308;0.287;0.289
40;leaves;2;40;0.356;0.366;0.348;0.35
40;leaves;3;40;0.335;0.339;0.325;0.331
40;leaves;4;40;0.345;0.352;0.34;0.338
40;leaves;1;40;0.325;0.333;0.316;0.318
40;leaves;2;40;0.347;0.357;0.34;0.335
40;leaves;3;40;0.355;0.361;0.347;0.343
40;leaves;4;40;0.306;0.314;0.298;0.29
40;leaves;1;80;0.393;0.404;0.38;0.381
40;leaves;2;80;0.449;0.46;0.439;0.444
40;leaves;3;80;0.487;0.496;0.48;0.488
40;leaves;4;80;0.501;0.511;0.497;0.507
40;leaves;1;80;0.351;0.36;0.344;0.334
40;leaves;2;80;0.419;0.428;0.413;0.407
40;leaves;3;80;0.477;0.485;0.476;0.469
40;leaves;4;80;0.45;0.466;0.452;0.447
40;leaves;1;100;0.376;0.384;0.368;0.368
40;leaves;2;100;0.55;0.56;0.538;0.543
40;leaves;3;100;0.502;0.51;0.504;0.508
40;leaves;4;100;0.562;0.577;0.564;0.566
40;leaves;1;100;0.378;0.389;0.367;0.369
40;leaves;2;100;0.453;0.463;0.441;0.446
40;leaves;3;100;0.494;0.502;0.491;0.5
40;leaves;4;100;0.513;0.528;0.511;0.515
40;B;1;10;0.246;0.25;0.236;0.239
40;B;2;10;0.738;0.752;0.745;0.752
40;B;3;10;0.459;0.447;0.459;0.457
40;B;4;10;0.467;0.46;0.466;0.475
40;B;1;10;0.366;0.373;0.359;0.354
40;B;2;10;0.125;0.135;0.119;0.116
40;B;3;10;0.426;0.422;0.427;0.43
40;B;4;10;0.494;0.492;0.505;0.5
40;B;1;40;0.602;0.609;0.596;0.601
40;B;2;40;1.005;1.015;0.998;1.002
40;B;3;40;1.036;1.025;1.039;1.041
40;B;4;40;1.405;1.398;1.403;1.407
40;B;1;40;0.629;0.638;0.624;0.618
40;B;2;40;0.94;0.952;0.939;0.933
40;B;3;40;1.071;1.06;1.081;1.078
40;B;4;40;1.15;1.15;1.16;1.148
40;B;1;80;0.401;0.409;0.391;0.391
40;B;2;80;1.089;1.113;1.098;1.096
40;B;3;80;1.7;1.695;1.712;1.728
40;B;4;80;1.793;1.811;1.815;1.825
40;B;1;80;0.359;0.334;0.324;0.312
40;B;2;80;0.996;1.018;1.007;0.996
40;B;3;80;1.669;1.668;1.684;1.677
40;B;4;80;1.838;1.84;1.844;1.84
40;B;1;100;0.359;0.37;0.353;0.348
40;B;2;100;0.94;0.965;0.944;0.94
40;B;3;100;1.75;1.757;1.772;1.781
40;B;4;100;1.849;1.852;1.859;1.861
40;B;1;100;0.367;0.379;0.358;0.36
40;B;2;100;1.032;1.053;1.024;1.031
40;B;3;100;1.714;1.719;1.737;1.738
40;B;4;100;2.132;2.134;2.139;2.158
40;flower;1;10;0.281;0.277;0.273;0.287
40;flower;2;10;0.226;0.222;0.223;0.226
40;flower;3;10;0.298;0.295;0.297;0.309
40;flower;4;10;0.303;0.295;0.299;0.313
40;flower;1;10;0.213;0.208;0.208;0.208
40;flower;2;10;0.176;0.171;0.175;0.17
40;flower;3;10;0.232;0.229;0.233;0.233
40;flower;4;10;0.217;0.208;0.214;0.219
40;flower;1;40;0.263;0.258;0.256;0.262
40;flower;2;40;0.281;0.277;0.277;0.281
40;flower;3;40;0.327;0.324;0.329;0.337
40;flower;4;40;0.269;0.262;0.268;0.277
40;flower;1;40;0.274;0.272;0.268;0.264
40;flower;2;40;0.27;0.27;0.266;0.261
40;flower;3;40;0.361;0.362;0.364;0.359
40;flower;4;40;0.33;0.329;0.33;0.329
40;flower;1;80;0.358;0.352;0.352;0.361
40;flower;2;80;0.393;0.392;0.395;0.401
40;flower;3;80;0.458;0.457;0.461;0.471
40;flower;4;80;0.419;0.416;0.425;0.436
40;flower;1;80;0.336;0.337;0.331;0.326
40;flower;2;80;0.352;0.354;0.356;0.349
40;flower;3;80;0.408;0.413;0.416;0.407
40;flower;4;80;0.354;0.356;0.359;0.356
40;flower;1;100;0.388;0.388;0.383;0.389
40;flower;2;100;0.401;0.405;0.402;0.405
40;flower;3;100;0.451;0.459;0.462;0.458
40;flower;4;100;0.387;0.39;0.387;0.388
40;flower;1;100;0.359;0.354;0.351;0.358
40;flower;2;100;0.412;0.411;0.407;0.412
40;flower;3;100;0.423;0.423;0.424;0.43
40;flower;4;100;0.387;0.388;0.39;0.398
50;leaves;1;10;0.266;0.284;0.269;0.264
50;leaves;2;10;0.273;0.283;0.275;0.271
50;leaves;3;10;0.339;0.346;0.343;0.333
50;leaves;4;10;0.255;0.262;0.257;0.256
50;leaves;1;10;0.235;0.248;0.232;0.236
50;leaves;2;10;0.213;0.219;0.208;0.211
50;leaves;3;10;0.217;0.221;0.218;0.216
50;leaves;4;10;0.195;0.2;0.197;0.197
50;leaves;1;40;0.3;0.36;0.298;0.299
50;leaves;2;40;0.361;0.373;0.359;0.359
50;leaves;3;40;0.341;0.35;0.347;0.343
50;leaves;4;40;0.359;0.366;0.361;0.356
50;leaves;1;40;0.338;0.348;0.324;0.323
50;leaves;2;40;0.351;0.357;0.347;0.354
50;leaves;3;40;0.362;0.367;0.364;0.364
50;leaves;4;40;0.314;0.324;0.307;0.314
50;leaves;1;80;0.388;0.406;0.388;0.385
50;leaves;2;80;0.467;0.482;0.467;0.466
50;leaves;3;80;0.51;0.524;0.521;0.513
50;leaves;4;80;0.532;0.556;0.546;0.541
50;leaves;1;80;0.35;0.356;0.341;0.349
50;leaves;2;80;0.441;0.444;0.436;0.442
50;leaves;3;80;0.503;0.508;0.51;0.514
50;leaves;4;80;0.488;0.504;0.493;0.5
50;leaves;1;100;0.369;0.381;0.368;0.369
50;leaves;2;100;0.564;0.572;0.56;0.563
50;leaves;3;100;0.536;0.545;0.548;0.544
50;leaves;4;100;0.603;0.633;0.622;0.626
50;leaves;1;100;0.368;0.388;0.368;0.367
50;leaves;2;100;0.464;0.477;0.465;0.465
50;leaves;3;100;0.519;0.535;0.533;0.53
50;leaves;4;100;0.543;0.564;0.549;0.548
50;B;1;10;0.246;0.256;0.249;0.243
50;B;2;10;0.744;0.765;0.764;0.756
50;B;3;10;0.474;0.477;0.478;0.473
50;B;4;10;0.479;0.485;0.484;0.463
50;B;1;10;0.372;0.379;0.37;0.374
50;B;2;10;0.123;0.129;0.123;0.125
50;B;3;10;0.435;0.444;0.435;0.429
50;B;4;10;0.502;0.506;0.512;0.504
50;B;1;40;0.63;0.645;0.637;0.633
50;B;2;40;1.027;1.042;1.035;1.029
50;B;3;40;1.068;1.074;1.067;1.062
50;B;4;40;1.433;1.437;1.435;1.423
50;B;1;40;0.656;0.666;0.656;0.658
50;B;2;40;0.967;0.977;0.971;0.975
50;B;3;40;1.102;1.108;1.104;1.107
50;B;4;40;1.168;1.173;1.173;1.164
50;B;1;80;0.395;0.413;0.398;0.394
50;B;2;80;1.119;1.144;1.135;1.127
50;B;3;80;1.769;1.789;1.784;1.773
50;B;4;80;1.838;1.182;1.845;1.843
50;B;1;80;0.329;0.335;0.323;0.328
50;B;2;80;1.022;1.034;1.029;1.031
50;B;3;80;1.742;1.751;1.75;1.747
50;B;4;80;1.882;1.898;1.902;1.884
50;B;1;100;0.356;0.368;0.356;0.355
50;B;2;100;0.959;0.977;0.964;0.962
50;B;3;100;1.83;1.849;1.853;1.847
50;B;4;100;1.892;1.913;1.912;1.908
50;B;1;100;0.361;0.379;0.364;0.363
50;B;2;100;1.04;1.055;1.045;1.044
50;B;3;100;1.785;1.799;1.799;1.794
50;B;4;100;2.197;2.218;2.224;2.21
50;flower;1;10;0.277;0.295;0.295;0.286
50;flower;2;10;0.239;0.245;0.246;0.237
50;flower;3;10;0.308;0.315;0.317;0.309
50;flower;4;10;0.304;0.315;0.316;0.304
50;flower;1;10;0.208;0.221;0.22;0.218
50;flower;2;10;0.186;0.188;0.187;0.185
50;flower;3;10;0.243;0.242;0.244;0.245
50;flower;4;10;0.223;0.225;0.227;0.223
50;flower;1;40;0.26;0.277;0.276;0.27
50;flower;2;40;0.31;0.314;0.31;0.304
50;flower;3;40;0.349;0.354;0.357;0.352
50;flower;4;40;0.277;0.283;0.288;0.276
50;flower;1;40;0.269;0.279;0.278;0.281
50;flower;2;40;0.279;0.284;0.278;0.279
50;flower;3;40;0.368;0.367;0.367;0.368
50;flower;4;40;0.334;0.334;0.337;0.334
50;flower;1;80;0.36;0.381;0.38;0.372
50;flower;2;80;0.43;0.447;0.444;0.438
50;flower;3;80;0.507;0.511;0.516;0.51
50;flower;4;80;0.465;0.473;0.481;0.47
50;flower;1;80;0.341;0.349;0.347;0.352
50;flower;2;80;0.387;0.395;0.392;0.396
50;flower;3;80;0.453;0.45;0.45;0.456
50;flower;4;80;0.396;0.394;0.4;0.402
50;flower;1;100;0.389;0.404;0.404;0.401
50;flower;2;100;0.431;0.444;0.437;0.434
50;flower;3;100;0.492;0.497;0.495;0.498
50;flower;4;100;0.408;0.411;0.413;0.411
50;flower;1;100;0.355;0.374;0.371;0.367
50;flower;2;100;0.437;0.454;0.446;0.442
50;flower;3;100;0.458;0.462;0.463;0.463
50;flower;4;100;0.412;0.416;0.42;0.418
60;leaves;1;10;0.28;0.285;0.273;0.273
60;leaves;2;10;0.284;0.289;0.276;0.275
60;leaves;3;10;0.346;0.345;0.334;0.338
60;leaves;4;10;0.262;0.268;0.255;0.252
60;leaves;1;10;0.249;0.245;0.235;0.235
60;leaves;2;10;0.227;0.221;0.207;0.207
60;leaves;3;10;0.231;0.226;0.214;0.218
60;leaves;4;10;0.206;0.206;0.194;0.194
60;leaves;1;40;0.321;0.32;0.304;0.303
60;leaves;2;40;0.377;0.38;0.364;0.364
60;leaves;3;40;0.363;0.367;0.355;0.354
60;leaves;4;40;0.378;0.384;0.374;0.37
60;leaves;1;40;0.354;0.346;0.335;0.318
60;leaves;2;40;0.37;0.362;0.347;0.35
60;leaves;3;40;0.387;0.381;0.369;0.372
60;leaves;4;40;0.336;0.332;0.31;0.314
60;leaves;1;80;0.404;0.409;0.391;0.39
60;leaves;2;80;0.498;0.502;0.485;0.487
60;leaves;3;80;0.546;0.555;0.541;0.544
60;leaves;4;80;0.57;0.581;0.567;0.567
60;leaves;1;80;0.365;0.355;0.344;0.345
60;leaves;2;80;0.475;0.463;0.453;0.455
60;leaves;3;80;0.546;0.54;0.537;0.539
60;leaves;4;80;0.535;0.531;0.523;0.524
60;leaves;1;100;0.379;0.382;0.372;0.37
60;leaves;2;100;0.596;0.59;0.578;0.582
60;leaves;3;100;0.585;0.586;0.582;0.584
60;leaves;4;100;0.661;0.662;0.651;0.65
60;leaves;1;100;0.382;0.386;0.371;0.371
60;leaves;2;100;0.494;0.496;0.482;0.483
60;leaves;3;100;0.562;0.57;0.566;0.566
60;leaves;4;100;0.586;0.59;0.573;0.572
60;B;1;10;0.253;0.262;0.25;0.25
60;B;2;10;0.758;0.775;0.771;0.776
60;B;3;10;0.495;0.491;0.492;0.491
60;B;4;10;0.489;0.497;0.495;0.491
60;B;1;10;0.389;0.386;0.36;0.363
60;B;2;10;0.137;0.133;0.126;0.124
60;B;3;10;0.446;0.45;0.44;0.436
60;B;4;10;0.502;0.513;0.513;0.519
60;B;1;40;0.664;0.671;0.657;0.656
60;B;2;40;1.061;1.067;1.052;1.052
60;B;3;40;1.091;1.093;1.084;1.079
60;B;4;40;1.447;1.465;1.462;1.462
60;B;1;40;0.684;0.682;0.666;0.668
60;B;2;40;1.009;1.005;0.997;1
60;B;3;40;1.134;1.124;1.121;1.123
60;B;4;40;1.176;1.189;1.188;1.188
60;B;1;80;0.407;0.414;0.396;0.396
60;B;2;80;1.161;1.176;1.163;1.166
60;B;3;80;1.819;1.833;1.829;1.824
60;B;4;80;1.877;1.849;1.883;1.893
60;B;1;80;0.341;0.333;0.319;0.321
60;B;2;80;1.058;1.055;1.05;1.05
60;B;3;80;1.797;1.801;1.801;1.796
60;B;4;80;1.925;1.937;1.934;1.928
60;B;1;100;0.366;0.368;0.354;0.356
60;B;2;100;0.997;0.998;0.978;0.974
60;B;3;100;1.833;1.896;1.904;1.899
60;B;4;100;1.943;1.959;1.965;1.964
60;B;1;100;0.371;0.378;0.359;0.363
60;B;2;100;1.072;1.078;1.07;1.067
60;B;3;100;1.831;1.846;1.845;1.837
60;B;4;100;2.239;2.272;2.287;2.273
60;flower;1;10;0.292;0.307;0.301;0.298
60;flower;2;10;0.247;0.256;0.249;0.254
60;flower;3;10;0.316;0.327;0.322;0.32
60;flower;4;10;0.307;0.321;0.32;0.319
60;flower;1;10;0.227;0.231;0.221;0.221
60;flower;2;10;0.199;0.195;0.188;0.193
60;flower;3;10;0.254;0.254;0.248;0.249
60;flower;4;10;0.231;0.234;0.231;0.233
60;flower;1;40;0.281;0.292;0.282;0.281
60;flower;2;40;0.321;0.331;0.32;0.324
60;flower;3;40;0.366;0.374;0.369;0.369
60;flower;4;40;0.284;0.294;0.291;0.292
60;flower;1;40;0.288;0.29;0.281;0.281
60;flower;2;40;0.289;0.289;0.281;0.282
60;flower;3;40;0.373;0.371;0.366;0.367
60;flower;4;40;0.338;0.337;0.333;0.335
60;flower;1;80;0.389;0.403;0.392;0.392
60;flower;2;80;0.467;0.48;0.473;0.48
60;flower;3;80;0.546;0.553;0.547;0.547
60;flower;4;80;0.503;0.517;0.515;0.516
60;flower;1;80;0.369;0.369;0.361;0.361
60;flower;2;80;0.424;0.421;0.418;0.423
60;flower;3;80;0.488;0.48;0.475;0.477
60;flower;4;80;0.435;0.431;0.427;0.432
60;flower;1;100;0.41;0.418;0.414;0.409
60;flower;2;100;0.464;0.471;0.465;0.464
60;flower;3;100;0.532;0.536;0.533;0.531
60;flower;4;100;0.441;0.442;0.435;0.439
60;flower;1;100;0.376;0.387;0.381;0.381
60;flower;2;100;0.472;0.481;0.475;0.476
60;flower;3;100;0.494;0.502;0.5;0.498
60;flower;4;100;0.441;0.449;0.445;0.449
