t;Extract;Temp;Cag;Rt;A_405;A_450;A_492;A_630
0;G;25;1;10;0.044;0.046;0.069;0.049
0;G;25;2;10;0.108;0.079;0.055;0.067
0;G;25;3;10;0.063;0.070;0.113;0.082
0;G;25;4;10;0.081;0.084;0.100;0.091
0;G;25;5;10;0.056;0.057;0.066;0.059
0;G;25;1;10;0.050;0.049;0.078;0.054
0;G;25;2;10;0.066;0.059;0.084;0.064
0;G;25;3;10;0.072;0.067;0.100;0.076
0;G;25;4;10;0.075;0.075;0.088;0.082
0;G;25;5;10;0.092;0.097;0.115;0.106
0;G;60;1;10;0.047;0.050;0.101;0.059
0;G;60;2;10;0.044;0.045;0.049;0.045
0;G;60;3;10;0.047;0.048;0.057;0.049
0;G;60;4;10;0.044;0.045;0.049;0.046
0;G;60;5;10;0.055;0.063;0.078;0.071
0;G;60;1;10;0.041;0.041;0.042;0.041
0;G;60;2;10;0.041;0.041;0.041;0.041
0;G;60;3;10;0.071;0.082;0.159;0.102
0;G;60;4;10;0.073;0.081;0.118;0.095
0;G;60;5;10;0.053;0.063;0.082;0.072
0;G;25;1;80;1.369;1.373;1.383;1.385
0;G;25;2;80;1.305;1.317;1.327;1.318
0;G;25;3;80;1.267;1.272;1.268;1.268
0;G;25;4;80;1.336;1.344;1.351;1.348
0;G;25;5;80;1.274;1.289;1.299;1.295
0;G;25;1;80;1.356;1.385;1.375;1.409
0;G;25;2;80;1.380;1.407;1.439;1.429
0;G;25;3;80;1.338;1.356;1.410;1.368
0;G;25;4;80;1.370;1.392;1.435;1.400
0;G;25;5;80;1.324;1.353;1.394;1.371
0;G;60;1;80;1.399;1.379;1.287;1.364
0;G;60;2;80;1.470;1.489;1.425;1.500
0;G;60;3;80;1.471;1.483;1.381;1.458
0;G;60;4;80;1.457;1.472;1.393;1.465
0;G;60;5;80;1.434;1.467;1.439;1.493
0;G;60;1;80;1.407;1.422;1.451;1.441
0;G;60;2;80;1.385;1.406;1.437;1.408
0;G;60;3;80;1.379;1.397;1.431;1.407
0;G;60;4;80;1.415;1.428;1.459;1.437
0;G;60;5;80;1.383;1.415;1.431;1.428
0;G;25;1;40;0.561;0.561;0.573;0.559
0;G;25;2;40;0.543;0.541;0.547;0.538
0;G;25;3;40;0.552;0.556;0.564;0.553
0;G;25;4;40;0.557;0.559;0.567;0.559
0;G;25;5;40;0.547;0.536;0.541;0.534
0;G;25;1;40;0.500;0.505;0.527;0.516
0;G;25;2;40;0.488;0.494;0.519;0.506
0;G;25;3;40;0.510;0.515;0.533;0.525
0;G;25;4;40;0.417;0.420;0.443;0.433
0;G;25;5;40;0.498;0.497;0.525;0.508
0;G;60;1;40;0.966;0.969;0.979;0.962
0;G;60;2;40;0.980;0.978;1.011;0.971
0;G;60;3;40;1.126;1.110;1.134;1.095
0;G;60;4;40;0.999;1.004;1.056;1.007
0;G;60;5;40;1.023;1.022;1.077;1.026
0;G;60;1;40;1.173;1.154;1.177;1.148
0;G;60;2;40;1.183;1.171;1.206;1.163
0;G;60;3;40;1.183;1.169;1.206;1.160
0;G;60;4;40;1.195;1.189;1.223;1.178
0;G;60;5;40;1.127;1.143;1.219;1.152
0;G;25;1;100;1.649;1.673;1.640;1.671
0;G;25;2;100;1.619;1.645;1.638;1.644
0;G;25;3;100;1.616;1.642;1.653;1.639
0;G;25;4;100;1.637;1.665;1.654;1.657
0;G;25;5;100;1.613;1.640;1.653;1.633
0;G;25;1;100;1.680;1.719;1.591;1.719
0;G;25;2;100;1.640;1.678;1.560;1.678
0;G;25;3;100;1.649;1.679;1.545;1.687
0;G;25;4;100;1.652;1.690;1.570;1.690
0;G;25;5;100;1.650;1.690;1.599;1.690
0;G;60;1;100;1.893;1.866;1.604;1.780
0;G;60;2;100;1.837;1.849;1.545;1.745
0;G;60;3;100;1.857;1.898;1.588;1.794
0;G;60;4;100;1.900;1.925;1.582;1.786
0;G;60;5;100;1.868;1.899;1.617;1.839
0;G;60;1;100;1.835;1.864;1.757;1.886
0;G;60;2;100;1.817;1.849;1.822;1.866
0;G;60;3;100;1.857;1.892;1.784;1.895
0;G;60;4;100;1.836;1.861;1.840;1.874
0;G;60;5;100;1.840;1.879;1.812;1.874
10;G;25;1;10;0.327;0.312;0.310;0.317
10;G;25;2;10;0.280;0.267;0.269;0.274
10;G;25;3;10;0.311;0.317;0.322;0.325
10;G;25;4;10;0.344;0.341;0.358;0.360
10;G;25;5;10;0.306;0.301;0.312;0.317
10;G;25;1;10;0.292;0.280;0.277;0.280
10;G;25;2;10;0.317;0.317;0.308;0.311
10;G;25;3;10;0.285;0.287;0.293;0.302
10;G;25;4;10;0.268;0.272;0.272;0.282
10;G;25;5;10;0.273;0.270;0.268;0.269
10;G;60;1;10;0.257;0.258;0.260;0.258
10;G;60;2;10;0.272;0.261;0.263;0.262
10;G;60;3;10;0.254;0.255;0.258;0.264
10;G;60;4;10;0.280;0.278;0.280;0.280
10;G;60;5;10;0.267;0.261;0.261;0.262
10;G;60;1;10;0.311;0.307;0.311;0.308
10;G;60;2;10;0.557;0.544;0.535;0.534
10;G;60;3;10;0.292;0.290;0.298;0.299
10;G;60;4;10;0.282;0.275;0.279;0.282
10;G;60;5;10;0.256;0.257;0.263;0.266
10;G;25;1;80;1.522;1.534;1.596;1.615
10;G;25;2;80;1.568;1.577;1.620;1.634
10;G;25;3;80;1.507;1.515;1.560;1.577
10;G;25;4;80;1.589;1.598;1.626;1.631
10;G;25;5;80;1.587;1.577;1.581;1.592
10;G;25;1;80;1.547;1.549;1.583;1.581
10;G;25;2;80;1.632;1.627;1.621;1.625
10;G;25;3;80;1.392;1.383;1.370;1.364
10;G;25;4;80;1.625;1.619;1.621;1.617
10;G;25;5;80;1.557;1.551;1.552;1.557
10;G;60;1;80;1.603;1.597;1.684;1.708
10;G;60;2;80;1.661;1.663;1.712;1.719
10;G;60;3;80;1.689;1.681;1.719;1.731
10;G;60;4;80;1.649;1.649;1.703;1.715
10;G;60;5;80;1.692;1.688;1.685;1.691
10;G;60;1;80;1.668;1.651;1.637;1.644
10;G;60;2;80;1.682;1.675;1.665;1.670
10;G;60;3;80;1.709;1.711;1.703;1.709
10;G;60;4;80;1.722;1.718;1.704;1.719
10;G;60;5;80;1.668;1.664;1.658;1.666
10;G;25;1;40;0.867;0.856;0.867;0.874
10;G;25;2;40;0.922;0.895;0.897;0.905
10;G;25;3;40;0.875;0.865;0.885;0.902
10;G;25;4;40;0.914;0.905;0.930;0.959
10;G;25;5;40;1.011;0.998;1.036;1.069
10;G;25;1;40;0.827;0.814;0.819;0.821
10;G;25;2;40;0.780;0.773;0.771;0.777
10;G;25;3;40;0.872;0.851;0.863;0.869
10;G;25;4;40;0.791;0.774;0.774;0.786
10;G;25;5;40;0.889;0.884;0.910;0.931
10;G;60;1;40;0.861;0.852;0.857;0.857
10;G;60;2;40;0.879;0.874;0.869;0.865
10;G;60;3;40;0.869;0.866;0.864;0.862
10;G;60;4;40;0.913;0.909;0.910;0.910
10;G;60;5;40;0.929;0.923;0.932;0.939
10;G;60;1;40;0.935;0.929;0.921;0.913
10;G;60;2;40;0.950;0.953;0.933;0.915
10;G;60;3;40;0.943;0.935;0.932;0.922
10;G;60;4;40;0.979;0.966;0.961;0.949
10;G;60;5;40;0.998;0.993;0.997;0.990
10;G;25;1;100;1.802;1.824;1.823;1.823
10;G;25;2;100;1.787;1.826;1.804;1.813
10;G;25;3;100;1.814;1.843;1.831;1.845
10;G;25;4;100;1.802;1.835;1.800;1.811
10;G;25;5;100;1.773;1.823;1.785;1.784
10;G;25;1;100;1.897;1.886;1.884;1.885
10;G;25;2;100;1.840;1.832;1.830;1.831
10;G;25;3;100;1.924;1.917;1.917;1.910
10;G;25;4;100;1.887;1.906;1.892;1.902
10;G;25;5;100;1.896;1.931;1.908;1.923
10;G;60;1;100;2.067;2.075;2.062;2.082
10;G;60;2;100;1.990;2.000;2.002;2.010
10;G;60;3;100;2.060;2.083;2.066;2.091
10;G;60;4;100;2.022;2.041;2.035;2.045
10;G;60;5;100;2.075;2.124;2.100;2.114
10;G;60;1;100;1.975;1.960;1.957;1.971
10;G;60;2;100;2.030;2.023;2.010;2.025
10;G;60;3;100;2.107;2.100;2.087;2.104
10;G;60;4;100;2.083;2.072;2.058;2.075
10;G;60;5;100;2.174;2.176;2.154;2.175
20;G;25;1;10;0.340;0.342;0.362;0.371
20;G;25;2;10;0.581;0.327;0.350;0.353
20;G;25;3;10;0.469;0.563;0.577;0.597
20;G;25;4;10;0.380;0.459;0.469;0.469
20;G;25;5;10;0.154;0.400;0.393;0.405
20;G;25;1;10;0.299;0.293;0.307;0.318
20;G;25;2;10;0.407;0.410;0.421;0.442
20;G;25;3;10;0.549;0.528;0.539;0.574
20;G;25;4;10;0.405;0.388;0.398;0.408
20;G;25;5;10;0.411;0.421;0.380;0.419
20;G;60;1;10;0.340;0.324;0.330;0.343
20;G;60;2;10;0.310;0.300;0.307;0.319
20;G;60;3;10;0.350;0.345;0.352;0.375
20;G;60;4;10;0.306;0.322;0.315;0.326
20;G;60;5;10;0.331;0.339;0.318;0.340
20;G;60;1;10;0.363;0.367;0.373;0.384
20;G;60;2;10;0.430;0.471;0.453;0.437
20;G;60;3;10;0.395;0.399;0.416;0.430
20;G;60;4;10;0.326;0.329;0.341;0.356
20;G;60;5;10;0.356;0.370;0.347;0.372
20;G;25;1;80;1.557;1.498;1.603;1.608
20;G;25;2;80;1.574;1.533;1.599;1.593
20;G;25;3;80;1.553;1.500;1.641;1.611
20;G;25;4;80;1.563;1.537;1.601;1.611
20;G;25;5;80;1.567;1.557;1.575;1.579
20;G;25;1;80;1.440;1.377;1.591;1.513
20;G;25;2;80;1.568;1.509;1.683;1.645
20;G;25;3;80;1.416;1.418;1.389;1.401
20;G;25;4;80;1.506;1.465;1.655;1.578
20;G;25;5;80;1.548;1.534;1.601;1.626
20;G;60;1;80;1.415;1.333;1.638;1.521
20;G;60;2;80;1.500;1.427;1.712;1.611
20;G;60;3;80;1.488;1.401;1.704;1.595
20;G;60;4;80;1.480;1.431;1.681;1.579
20;G;60;5;80;1.523;1.508;1.724;1.631
20;G;60;1;80;1.602;1.518;1.643;1.655
20;G;60;2;80;1.638;1.592;1.704;1.713
20;G;60;3;80;1.713;1.631;1.744;1.750
20;G;60;4;80;1.591;1.549;1.748;1.680
20;G;60;5;80;1.650;1.638;1.694;1.713
20;G;25;1;40;0.850;0.853;0.862;0.862
20;G;25;2;40;0.879;0.884;0.889;0.889
20;G;25;3;40;1.176;1.206;1.225;1.261
20;G;25;4;40;1.261;1.275;1.292;1.313
20;G;25;5;40;1.381;1.406;1.453;1.456
20;G;25;1;40;0.805;0.806;0.789;0.797
20;G;25;2;40;0.824;0.829;0.809;0.829
20;G;25;3;40;1.105;1.133;1.118;1.155
20;G;25;4;40;1.062;1.081;1.080;1.116
20;G;25;5;40;1.334;1.358;1.352;1.383
20;G;60;1;40;0.868;0.875;0.844;0.862
20;G;60;2;40;0.913;0.918;0.888;0.904
20;G;60;3;40;1.009;1.020;0.991;1.029
20;G;60;4;40;1.088;1.101;1.092;1.115
20;G;60;5;40;1.191;1.202;1.188;1.213
20;G;60;1;40;1.010;1.018;0.974;0.996
20;G;60;2;40;1.035;1.042;0.990;1.013
20;G;60;3;40;1.077;1.091;1.062;1.091
20;G;60;4;40;1.111;1.116;1.122;1.143
20;G;60;5;40;1.235;1.244;1.232;1.251
20;G;25;1;100;1.727;1.710;1.872;1.808
20;G;25;2;100;1.719;1.698;1.843;1.824
20;G;25;3;100;1.739;1.715;1.854;1.830
20;G;25;4;100;1.730;1.701;1.905;1.831
20;G;25;5;100;1.793;1.765;1.959;1.912
20;G;25;1;100;1.678;1.648;1.878;1.792
20;G;25;2;100;1.637;1.605;1.838;1.770
20;G;25;3;100;1.653;1.612;1.896;1.807
20;G;25;4;100;1.647;1.604;1.910;1.796
20;G;25;5;100;1.724;1.677;1.998;1.899
20;G;60;1;100;1.702;1.667;2.041;1.861
20;G;60;2;100;1.600;1.568;1.939;1.789
20;G;60;3;100;1.694;1.649;2.069;1.898
20;G;60;4;100;1.638;1.589;2.023;1.838
20;G;60;5;100;1.728;1.681;2.168;1.981
20;G;60;1;100;1.836;1.804;1.961;1.975
20;G;60;2;100;1.878;1.849;2.013;2.023
20;G;60;3;100;1.880;1.833;2.058;2.061
20;G;60;4;100;1.922;1.871;2.071;2.076
20;G;60;5;100;1.928;1.883;2.180;2.158
30;G;25;1;10;0.387;0.392;0.394;0.410
30;G;25;2;10;0.384;0.389;0.399;0.417
30;G;25;3;10;0.735;0.734;0.762;0.794
30;G;25;4;10;0.557;0.552;0.561;0.585
30;G;25;5;10;0.492;0.494;0.504;0.521
30;G;25;1;10;0.343;0.347;0.352;0.378
30;G;25;2;10;0.526;0.528;0.533;0.557
30;G;25;3;10;0.727;0.726;0.757;0.783
30;G;25;4;10;0.497;0.498;0.506;0.529
30;G;25;5;10;0.526;0.522;0.537;0.554
30;G;60;1;10;0.333;0.334;0.344;0.401
30;G;60;2;10;0.338;0.340;0.358;0.372
30;G;60;3;10;0.457;0.454;0.480;0.506
30;G;60;4;10;0.373;0.371;0.385;0.391
30;G;60;5;10;0.400;0.401;0.412;0.426
30;G;60;1;10;0.373;0.374;0.383;0.395
30;G;60;2;10;0.430;0.437;0.423;0.418
30;G;60;3;10;0.518;0.518;0.538;0.563
30;G;60;4;10;0.389;0.389;0.410;0.419
30;G;60;5;10;0.420;0.418;0.430;0.446
30;G;25;1;80;1.593;1.609;1.598;1.573
30;G;25;2;80;1.597;1.600;1.599;1.599
30;G;25;3;80;1.635;1.642;1.645;1.630
30;G;25;4;80;1.645;1.663;1.647;1.640
30;G;25;5;80;1.692;1.698;1.693;1.697
30;G;25;1;80;1.485;1.520;1.494;1.445
30;G;25;2;80;1.624;1.660;1.628;1.605
30;G;25;3;80;1.484;1.471;1.479;1.487
30;G;25;4;80;1.582;1.621;1.589;1.567
30;G;25;5;80;1.668;1.704;1.674;1.663
30;G;60;1;80;1.444;1.485;1.458;1.419
30;G;60;2;80;1.554;1.591;1.560;1.526
30;G;60;3;80;1.524;1.567;1.543;1.519
30;G;60;4;80;1.538;1.593;1.549;1.524
30;G;60;5;80;1.602;1.653;1.605;1.576
30;G;60;1;80;1.640;1.673;1.646;1.623
30;G;60;2;80;1.680;1.716;1.686;1.658
30;G;60;3;80;1.773;1.776;1.778;1.752
30;G;60;4;80;1.658;1.699;1.671;1.655
30;G;60;5;80;1.751;1.803;1.759;1.745
30;G;25;1;40;0.859;0.860;0.856;0.858
30;G;25;2;40;1.003;1.008;1.013;1.024
30;G;25;3;40;1.546;1.552;1.551;1.577
30;G;25;4;40;1.540;1.543;1.557;1.566
30;G;25;5;40;1.663;1.680;1.691;1.694
30;G;25;1;40;0.815;0.816;0.818;0.819
30;G;25;2;40;0.947;0.947;0.964;0.977
30;G;25;3;40;1.493;1.477;1.475;1.488
30;G;25;4;40;1.350;1.349;1.370;1.378
30;G;25;5;40;1.636;1.630;1.640;1.652
30;G;60;1;40;0.859;0.856;0.860;0.866
30;G;60;2;40;0.944;0.942;0.947;0.957
30;G;60;3;40;1.246;1.246;1.263;1.288
30;G;60;4;40;1.326;1.328;1.344;1.370
30;G;60;5;40;1.442;1.440;1.452;1.470
30;G;60;1;40;0.988;0.984;0.988;0.997
30;G;60;2;40;1.043;1.036;1.040;1.051
30;G;60;3;40;1.283;1.284;1.299;1.326
30;G;60;4;40;1.337;1.339;1.358;1.365
30;G;60;5;40;1.461;1.460;1.478;1.496
30;G;25;1;100;1.764;1.796;1.761;1.735
30;G;25;2;100;1.761;1.810;1.772;1.731
30;G;25;3;100;1.787;1.825;1.791;1.752
30;G;25;4;100;1.796;1.850;1.804;1.778
30;G;25;5;100;1.894;1.961;1.915;1.878
30;G;25;1;100;1.735;1.784;1.737;1.693
30;G;25;2;100;1.697;1.761;1.712;1.661
30;G;25;3;100;1.720;1.790;1.735;1.671
30;G;25;4;100;1.735;1.807;1.743;1.697
30;G;25;5;100;1.824;1.911;1.845;1.783
30;G;60;1;100;1.733;1.803;1.726;1.671
30;G;60;2;100;1.639;1.728;1.649;1.591
30;G;60;3;100;1.731;1.833;1.743;1.664
30;G;60;4;100;1.680;1.779;1.682;1.623
30;G;60;5;100;1.788;1.909;1.799;1.721
30;G;60;1;100;1.859;1.924;1.854;1.803
30;G;60;2;100;1.919;1.999;1.926;1.872
30;G;60;3;100;1.922;2.019;1.927;1.853
30;G;60;4;100;1.997;2.100;2.002;1.939
30;G;60;5;100;2.012;2.146;2.026;1.936
40;G;25;1;10;0.467;0.455;0.457;0.447
40;G;25;2;10;0.439;0.442;0.490;0.451
40;G;25;3;10;0.868;0.871;0.874;0.876
40;G;25;4;10;0.649;0.664;0.661;0.661
40;G;25;5;10;0.598;0.608;0.616;0.621
40;G;25;1;10;0.423;0.399;0.398;0.395
40;G;25;2;10;0.610;0.608;0.622;0.609
40;G;25;3;10;0.866;0.860;0.866;0.879
40;G;25;4;10;0.599;0.596;0.595;0.596
40;G;25;5;10;0.620;0.615;0.621;0.629
40;G;60;1;10;0.383;0.373;0.367;0.399
40;G;60;2;10;0.392;0.408;0.428;0.418
40;G;60;3;10;0.593;0.606;0.616;0.622
40;G;60;4;10;0.445;0.458;0.460;0.461
40;G;60;5;10;0.480;0.491;0.498;0.503
40;G;60;1;10;0.422;0.414;0.419;0.428
40;G;60;2;10;0.429;0.432;0.446;0.442
40;G;60;3;10;0.648;0.664;0.672;0.680
40;G;60;4;10;0.471;0.491;0.491;0.492
40;G;60;5;10;0.493;0.511;0.522;0.527
40;G;25;1;80;1.556;1.574;1.577;1.563
40;G;25;2;80;1.604;1.605;1.611;1.612
40;G;25;3;80;1.655;1.649;1.663;1.677
40;G;25;4;80;1.689;1.690;1.700;1.704
40;G;25;5;80;1.778;1.780;1.802;1.821
40;G;25;1;80;1.426;1.445;1.449;1.430
40;G;25;2;80;1.590;1.587;1.596;1.605
40;G;25;3;80;1.532;1.534;1.558;1.574
40;G;25;4;80;1.585;1.578;1.589;1.597
40;G;25;5;80;1.711;1.702;1.720;1.741
40;G;60;1;80;1.381;1.426;1.421;1.423
40;G;60;2;80;1.490;1.523;1.533;1.535
40;G;60;3;80;1.469;1.512;1.541;1.543
40;G;60;4;80;1.507;1.548;1.564;1.568
40;G;60;5;80;1.590;1.628;1.646;1.663
40;G;60;1;80;1.579;1.621;1.620;1.611
40;G;60;2;80;1.628;1.651;1.667;1.667
40;G;60;3;80;1.737;1.767;1.795;1.808
40;G;60;4;80;1.663;1.701;1.719;1.727
40;G;60;5;80;1.806;1.850;1.869;1.887
40;G;25;1;40;0.858;0.857;0.854;0.854
40;G;25;2;40;1.164;1.170;1.173;1.181
40;G;25;3;40;1.729;1.738;1.752;1.745
40;G;25;4;40;1.712;1.708;1.715;1.713
40;G;25;5;40;1.784;1.801;1.812;1.810
40;G;25;1;40;0.818;0.809;0.808;0.809
40;G;25;2;40;1.120;1.120;1.124;1.132
40;G;25;3;40;1.685;1.678;1.667;1.671
40;G;25;4;40;1.523;1.514;1.517;1.523
40;G;25;5;40;1.809;1.799;1.806;1.819
40;G;60;1;40;0.860;0.869;0.866;0.865
40;G;60;2;40;1.042;1.047;1.053;1.059
40;G;60;3;40;1.499;1.507;1.500;1.518
40;G;60;4;40;1.530;1.537;1.549;1.557
40;G;60;5;40;1.633;1.639;1.644;1.652
40;G;60;1;40;0.988;1.006;1.005;1.002
40;G;60;2;40;1.129;1.141;1.145;1.146
40;G;60;3;40;1.504;1.497;1.514;1.531
40;G;60;4;40;1.461;1.452;1.469;1.479
40;G;60;5;40;1.577;1.568;1.584;1.592
40;G;25;1;100;1.713;1.701;1.713;1.723
40;G;25;2;100;1.702;1.700;1.714;1.717
40;G;25;3;100;1.737;1.730;1.742;1.749
40;G;25;4;100;1.770;1.766;1.785;1.795
40;G;25;5;100;1.858;1.873;1.895;1.905
40;G;25;1;100;1.658;1.637;1.658;1.676
40;G;25;2;100;1.616;1.608;1.627;1.630
40;G;25;3;100;1.640;1.618;1.642;1.657
40;G;25;4;100;1.671;1.647;1.669;1.682
40;G;25;5;100;1.746;1.737;1.762;1.778
40;G;60;1;100;1.604;1.633;1.663;1.678
40;G;60;2;100;1.515;1.552;1.582;1.580
40;G;60;3;100;1.596;1.625;1.653;1.662
40;G;60;4;100;1.556;1.590;1.625;1.631
40;G;60;5;100;1.638;1.694;1.725;1.732
40;G;60;1;100;1.742;1.774;1.802;1.808
40;G;60;2;100;1.806;1.843;1.871;1.869
40;G;60;3;100;1.782;1.820;1.850;1.859
40;G;60;4;100;1.875;1.917;1.954;1.964
40;G;60;5;100;1.855;1.929;1.957;1.968
50;G;25;1;10;0.477;0.503;0.479;0.472
50;G;25;2;10;0.466;0.477;0.480;0.474
50;G;25;3;10;0.921;0.930;0.928;0.931
50;G;25;4;10;0.709;0.697;0.714;0.699
50;G;25;5;10;0.674;0.676;0.680;0.687
50;G;25;1;10;0.421;0.456;0.425;0.411
50;G;25;2;10;0.648;0.653;0.652;0.636
50;G;25;3;10;0.917;0.933;0.940;0.937
50;G;25;4;10;0.641;0.645;0.652;0.638
50;G;25;5;10;0.667;0.674;0.677;0.672
50;G;60;1;10;0.401;0.403;0.377;0.407
50;G;60;2;10;0.433;0.436;0.432;0.442
50;G;60;3;10;0.685;0.686;0.693;0.705
50;G;60;4;10;0.506;0.507;0.511;0.512
50;G;60;5;10;0.545;0.545;0.548;0.553
50;G;60;1;10;0.423;0.430;0.413;0.445
50;G;60;2;10;0.458;0.461;0.468;0.475
50;G;60;3;10;0.744;0.745;0.750;0.769
50;G;60;4;10;0.540;0.535;0.540;0.547
50;G;60;5;10;0.567;0.562;0.567;0.578
50;G;25;1;80;1.573;1.555;1.583;1.616
50;G;25;2;80;1.635;1.622;1.629;1.642
50;G;25;3;80;1.703;1.684;1.714;1.756
50;G;25;4;80;1.756;1.735;1.769;1.800
50;G;25;5;80;1.880;1.911;1.902;1.927
50;G;25;1;80;1.442;1.432;1.466;1.492
50;G;25;2;80;1.614;1.608;1.630;1.651
50;G;25;3;80;1.592;1.590;1.610;1.658
50;G;25;4;80;1.627;1.614;1.638;1.677
50;G;25;5;80;1.784;1.822;1.806;1.843
50;G;60;1;80;1.433;1.391;1.410;1.480
50;G;60;2;80;1.539;1.509;1.533;1.581
50;G;60;3;80;1.551;1.513;1.532;1.638
50;G;60;4;80;1.608;1.560;1.581;1.672
50;G;60;5;80;1.691;1.688;1.665;1.758
50;G;60;1;80;1.624;1.599;1.615;1.656
50;G;60;2;80;1.667;1.642;1.663;1.305
50;G;60;3;80;1.835;1.805;1.818;1.918
50;G;60;4;80;1.780;1.743;1.761;1.856
50;G;60;5;80;1.944;1.941;1.912;2.016
50;G;25;1;40;0.854;0.854;0.856;0.851
50;G;25;2;40;1.290;1.292;1.293;1.294
50;G;25;3;40;1.800;1.808;1.805;1.831
50;G;25;4;40;1.796;1.793;1.789;1.822
50;G;25;5;40;1.853;1.861;1.859;1.887
50;G;25;1;40;0.803;0.810;0.813;0.800
50;G;25;2;40;1.240;1.244;1.251;1.248
50;G;25;3;40;1.797;1.810;1.792;1.773
50;G;25;4;40;1.623;1.630;1.641;1.631
50;G;25;5;40;1.924;1.928;1.932;1.924
50;G;60;1;40;0.862;0.860;0.862;0.856
50;G;60;2;40;1.151;1.153;1.155;1.159
50;G;60;3;40;1.663;1.658;1.665;1.683
50;G;60;4;40;1.671;1.669;1.679;1.683
50;G;60;5;40;1.766;1.761;1.777;1.777
50;G;60;1;40;0.995;0.990;0.994;0.991
50;G;60;2;40;1.237;1.228;1.230;1.242
50;G;60;3;40;1.587;1.625;1.615;1.644
50;G;60;4;40;1.531;1.562;1.557;1.581
50;G;60;5;40;1.627;1.666;1.653;1.677
50;G;25;1;100;1.720;1.735;1.716;1.760
50;G;25;2;100;1.711;1.731;1.716;1.754
50;G;25;3;100;1.752;1.777;1.769;1.821
50;G;25;4;100;1.812;1.830;1.820;1.873
50;G;25;5;100;1.889;1.921;1.905;1.980
50;G;25;1;100;1.663;1.691;1.664;1.722
50;G;25;2;100;1.620;1.652;1.632;1.684
50;G;25;3;100;1.646;1.690;1.664;1.725
50;G;25;4;100;1.681;1.717;1.700;1.766
50;G;25;5;100;1.760;1.809;1.786;1.858
50;G;60;1;100;1.661;1.660;1.626;1.742
50;G;60;2;100;1.565;1.572;1.544;1.651
50;G;60;3;100;1.643;1.654;1.622;1.740
50;G;60;4;100;1.628;1.631;1.598;1.729
50;G;60;5;100;1.713;1.729;1.691;1.839
50;G;60;1;100;1.799;1.799;1.765;1.870
50;G;60;2;100;1.853;1.865;1.833;1.938
50;G;60;3;100;1.839;1.844;1.815;1.953
50;G;60;4;100;1.982;1.989;1.949;2.108
50;G;60;5;100;1.954;1.965;1.920;2.114
60;G;25;1;10;0.486;0.487;0.481;0.490
60;G;25;2;10;0.461;0.462;0.465;0.476
60;G;25;3;10;0.923;0.919;0.908;0.909
60;G;25;4;10;0.709;0.710;0.702;0.707
60;G;25;5;10;0.723;0.711;0.721;0.730
60;G;25;1;10;0.433;0.434;0.428;0.429
60;G;25;2;10;0.645;0.642;0.649;0.654
60;G;25;3;10;0.936;0.927;0.921;0.920
60;G;25;4;10;0.654;0.667;0.645;0.645
60;G;25;5;10;0.699;0.667;0.677;0.686
60;G;60;1;10;0.388;0.382;0.365;0.368
60;G;60;2;10;0.424;0.429;0.423;0.427
60;G;60;3;10;0.718;0.711;0.706;0.709
60;G;60;4;10;0.546;0.526;0.544;0.551
60;G;60;5;10;0.575;0.553;0.562;0.567
60;G;60;1;10;0.418;0.417;0.408;0.418
60;G;60;2;10;0.506;0.497;0.524;0.531
60;G;60;3;10;0.780;0.766;0.772;0.778
60;G;60;4;10;0.571;0.553;0.568;0.574
60;G;60;5;10;0.591;0.566;0.576;0.583
60;G;25;1;80;1.603;1.597;1.604;1.614
60;G;25;2;80;1.664;1.645;1.649;1.656
60;G;25;3;80;1.799;1.887;1.861;1.835
60;G;25;4;80;1.875;2.026;1.972;1.941
60;G;25;5;80;2.047;2.241;2.164;2.153
60;G;25;1;80;1.540;1.598;1.602;1.582
60;G;25;2;80;1.724;1.738;1.736;1.753
60;G;25;3;80;1.737;1.723;1.708;1.707
60;G;25;4;80;1.775;1.980;1.893;1.866
60;G;25;5;80;1.994;2.259;2.143;2.114
60;G;60;1;80;1.520;1.727;1.612;1.578
60;G;60;2;80;1.632;1.770;1.716;1.692
60;G;60;3;80;1.684;1.957;1.811;1.771
60;G;60;4;80;1.743;2.024;1.876;1.831
60;G;60;5;80;1.869;2.198;2.043;2.017
60;G;60;1;80;1.676;1.654;1.663;1.664
60;G;60;2;80;1.723;1.700;1.700;1.709
60;G;60;3;80;2.017;1.975;1.978;1.990
60;G;60;4;80;1.939;2.214;2.106;2.069
60;G;60;5;80;2.174;2.544;2.418;2.367
60;G;25;1;40;0.850;0.856;0.852;0.850
60;G;25;2;40;1.379;1.386;1.383;1.387
60;G;25;3;40;1.889;1.938;1.922;1.919
60;G;25;4;40;1.878;1.926;1.910;1.910
60;G;25;5;40;1.925;1.947;1.941;1.938
60;G;25;1;40;0.795;0.783;0.787;0.787
60;G;25;2;40;1.324;1.303;1.315;1.322
60;G;25;3;40;1.869;1.839;1.848;1.851
60;G;25;4;40;1.702;1.695;1.699;1.711
60;G;25;5;40;2.007;2.022;2.005;2.008
60;G;60;1;40;0.846;0.826;0.832;0.835
60;G;60;2;40;1.233;1.212;1.227;1.238
60;G;60;3;40;1.773;1.750;1.760;1.771
60;G;60;4;40;1.755;1.748;1.744;1.755
60;G;60;5;40;1.849;1.853;1.863;1.866
60;G;60;1;40;0.969;0.942;0.953;0.959
60;G;60;2;40;1.305;1.269;1.286;1.303
60;G;60;3;40;1.773;1.741;1.753;1.771
60;G;60;4;40;1.701;1.770;1.770;1.777
60;G;60;5;40;1.791;1.885;1.879;1.884
60;G;25;1;100;1.818;1.878;1.873;1.869
60;G;25;2;100;1.823;1.862;1.852;1.857
60;G;25;3;100;1.910;1.994;1.971;1.982
60;G;25;4;100;2.001;2.194;2.144;2.131
60;G;25;5;100;2.076;2.307;2.261;2.232
60;G;25;1;100;1.809;1.874;1.881;1.880
60;G;25;2;100;1.777;1.836;1.837;1.844
60;G;25;3;100;1.858;2.019;2.030;1.992
60;G;25;4;100;1.917;2.206;2.132;2.110
60;G;25;5;100;2.009;2.341;2.268;2.224
60;G;60;1;100;1.833;2.073;1.978;1.961
60;G;60;2;100;1.743;1.993;1.911;1.894
60;G;60;3;100;1.864;2.108;2.068;2.047
60;G;60;4;100;1.869;2.281;2.152;2.113
60;G;60;5;100;1.985;2.528;2.383;2.305
60;G;60;1;100;1.945;1.963;1.966;1.965
60;G;60;2;100;2.014;2.001;2.005;2.011
60;G;60;3;100;2.080;2.125;2.122;2.132
60;G;60;4;100;2.365;2.371;2.357;2.398
60;G;60;5;100;2.312;2.750;2.711;2.695
;;;;;;;;
;;;;;;;;
;;;;;;;;
;;;;;;;;
;;;;;;;;
;;;;;;;;
;;;;;;;;
;;;;;;;;
;;;;;;;;
;;;;;;;;
;;;;;;;;
;;;;;;;;
;;;;;;;;
;;;;;;;;
;;;;;;;;
;;;;;;;;
;;;;;;;;
;;;;;;;;
;;;;;;;;
;;;;;;;;
;;;;;;;;
;;;;;;;;
;;;;;;;;
;;;;;;;;
;;;;;;;;
;;;;;;;;
;;;;;;;;
;;;;;;;;
;;;;;;;;
;;;;;;;;
;;;;;;;;
;;;;;;;;
;;;;;;;;
;;;;;;;;
;;;;;;;;
;;;;;;;;
;;;;;;;;
;;;;;;;;
;;;;;;;;
;;;;;;;;
;;;;;;;;
;;;;;;;;
;;;;;;;;
;;;;;;;;
;;;;;;;;
;;;;;;;;
;;;;;;;;
;;;;;;;;
;;;;;;;;
;;;;;;;;
;;;;;;;;
;;;;;;;;
;;;;;;;;
;;;;;;;;
;;;;;;;;
;;;;;;;;
;;;;;;;;
;;;;;;;;
;;;;;;;;
;;;;;;;;
;;;;;;;;
;;;;;;;;
;;;;;;;;
;;;;;;;;
;;;;;;;;
;;;;;;;;
;;;;;;;;
;;;;;;;;
;;;;;;;;
;;;;;;;;
;;;;;;;;
;;;;;;;;
;;;;;;;;
;;;;;;;;
;;;;;;;;
;;;;;;;;
;;;;;;;;
;;;;;;;;
;;;;;;;;
;;;;;;;;
;;;;;;;;
;;;;;;;;
;;;;;;;;
;;;;;;;;
;;;;;;;;
;;;;;;;;
;;;;;;;;
;;;;;;;;
;;;;;;;;
;;;;;;;;
;;;;;;;;
;;;;;;;;
;;;;;;;;
;;;;;;;;
;;;;;;;;
;;;;;;;;
;;;;;;;;
;;;;;;;;
;;;;;;;;
;;;;;;;;
;;;;;;;;
;;;;;;;;
;;;;;;;;
;;;;;;;;
;;;;;;;;
;;;;;;;;
;;;;;;;;
;;;;;;;;
;;;;;;;;
;;;;;;;;
;;;;;;;;
;;;;;;;;
;;;;;;;;
;;;;;;;;
;;;;;;;;
;;;;;;;;
;;;;;;;;
;;;;;;;;
;;;;;;;;
;;;;;;;;
;;;;;;;;
;;;;;;;;
;;;;;;;;
;;;;;;;;
;;;;;;;;
;;;;;;;;
;;;;;;;;
;;;;;;;;
;;;;;;;;
;;;;;;;;
;;;;;;;;
;;;;;;;;
;;;;;;;;
;;;;;;;;
;;;;;;;;
;;;;;;;;
;;;;;;;;
;;;;;;;;
;;;;;;;;
;;;;;;;;
;;;;;;;;
;;;;;;;;
;;;;;;;;
;;;;;;;;
;;;;;;;;
;;;;;;;;
;;;;;;;;
;;;;;;;;
;;;;;;;;
;;;;;;;;
;;;;;;;;
;;;;;;;;
;;;;;;;;
;;;;;;;;
;;;;;;;;
;;;;;;;;
;;;;;;;;
;;;;;;;;
;;;;;;;;
;;;;;;;;
;;;;;;;;
;;;;;;;;
;;;;;;;;
;;;;;;;;
;;;;;;;;
;;;;;;;;
;;;;;;;;
;;;;;;;;
;;;;;;;;
;;;;;;;;
;;;;;;;;
;;;;;;;;
;;;;;;;;
;;;;;;;;
;;;;;;;;
;;;;;;;;
;;;;;;;;
;;;;;;;;
;;;;;;;;
;;;;;;;;
;;;;;;;;
;;;;;;;;
;;;;;;;;
;;;;;;;;
;;;;;;;;
;;;;;;;;
;;;;;;;;
;;;;;;;;
;;;;;;;;
;;;;;;;;
;;;;;;;;
;;;;;;;;
;;;;;;;;
;;;;;;;;
;;;;;;;;
;;;;;;;;
;;;;;;;;
;;;;;;;;
;;;;;;;;
;;;;;;;;
;;;;;;;;
;;;;;;;;
;;;;;;;;
;;;;;;;;
;;;;;;;;
;;;;;;;;
;;;;;;;;
;;;;;;;;
;;;;;;;;
;;;;;;;;
;;;;;;;;
;;;;;;;;
;;;;;;;;
;;;;;;;;
;;;;;;;;
;;;;;;;;
;;;;;;;;
;;;;;;;;
;;;;;;;;
;;;;;;;;
;;;;;;;;
;;;;;;;;
;;;;;;;;
;;;;;;;;
;;;;;;;;
;;;;;;;;
;;;;;;;;
;;;;;;;;
;;;;;;;;
;;;;;;;;
;;;;;;;;
;;;;;;;;
;;;;;;;;
;;;;;;;;
;;;;;;;;
;;;;;;;;
;;;;;;;;
;;;;;;;;
;;;;;;;;
;;;;;;;;
;;;;;;;;
;;;;;;;;
;;;;;;;;
;;;;;;;;
;;;;;;;;
;;;;;;;;
;;;;;;;;
;;;;;;;;
;;;;;;;;
;;;;;;;;
;;;;;;;;
;;;;;;;;
;;;;;;;;
;;;;;;;;
;;;;;;;;
;;;;;;;;
;;;;;;;;
;;;;;;;;
;;;;;;;;
;;;;;;;;
;;;;;;;;
;;;;;;;;
;;;;;;;;
;;;;;;;;
;;;;;;;;
;;;;;;;;
;;;;;;;;
;;;;;;;;
;;;;;;;;
;;;;;;;;
;;;;;;;;
;;;;;;;;
;;;;;;;;
;;;;;;;;
;;;;;;;;
;;;;;;;;
;;;;;;;;
;;;;;;;;
;;;;;;;;
;;;;;;;;
;;;;;;;;
;;;;;;;;
;;;;;;;;
;;;;;;;;
;;;;;;;;
;;;;;;;;
;;;;;;;;
;;;;;;;;
;;;;;;;;
;;;;;;;;
;;;;;;;;
;;;;;;;;
;;;;;;;;
;;;;;;;;
;;;;;;;;
;;;;;;;;
;;;;;;;;
;;;;;;;;
;;;;;;;;
;;;;;;;;
;;;;;;;;
;;;;;;;;
;;;;;;;;
;;;;;;;;
;;;;;;;;
;;;;;;;;
;;;;;;;;
;;;;;;;;
;;;;;;;;
;;;;;;;;
;;;;;;;;
;;;;;;;;
;;;;;;;;
;;;;;;;;
;;;;;;;;
;;;;;;;;
;;;;;;;;
;;;;;;;;
;;;;;;;;
;;;;;;;;
;;;;;;;;
;;;;;;;;
;;;;;;;;
;;;;;;;;
;;;;;;;;
;;;;;;;;
;;;;;;;;
;;;;;;;;
;;;;;;;;
;;;;;;;;
;;;;;;;;
;;;;;;;;
;;;;;;;;
;;;;;;;;
;;;;;;;;
;;;;;;;;
;;;;;;;;
;;;;;;;;
;;;;;;;;
;;;;;;;;
;;;;;;;;
;;;;;;;;
;;;;;;;;
;;;;;;;;
;;;;;;;;
;;;;;;;;
;;;;;;;;
;;;;;;;;
;;;;;;;;
;;;;;;;;
;;;;;;;;
;;;;;;;;
;;;;;;;;
;;;;;;;;
;;;;;;;;
;;;;;;;;
;;;;;;;;
;;;;;;;;
;;;;;;;;
;;;;;;;;
;;;;;;;;
;;;;;;;;
;;;;;;;;
;;;;;;;;
;;;;;;;;
;;;;;;;;
;;;;;;;;
;;;;;;;;
;;;;;;;;
;;;;;;;;
;;;;;;;;
;;;;;;;;
;;;;;;;;
;;;;;;;;
;;;;;;;;
;;;;;;;;
;;;;;;;;
;;;;;;;;
;;;;;;;;
;;;;;;;;
;;;;;;;;
;;;;;;;;
;;;;;;;;
;;;;;;;;
;;;;;;;;
;;;;;;;;
;;;;;;;;
;;;;;;;;
;;;;;;;;
;;;;;;;;
;;;;;;;;
;;;;;;;;
;;;;;;;;
;;;;;;;;
;;;;;;;;
;;;;;;;;
;;;;;;;;
;;;;;;;;
;;;;;;;;
;;;;;;;;
;;;;;;;;
;;;;;;;;
;;;;;;;;
;;;;;;;;
;;;;;;;;
;;;;;;;;
;;;;;;;;
;;;;;;;;
;;;;;;;;
;;;;;;;;
;;;;;;;;
;;;;;;;;
;;;;;;;;
;;;;;;;;
;;;;;;;;
;;;;;;;;
;;;;;;;;
;;;;;;;;
;;;;;;;;
;;;;;;;;
;;;;;;;;
;;;;;;;;
;;;;;;;;
;;;;;;;;
;;;;;;;;
;;;;;;;;
;;;;;;;;
;;;;;;;;
;;;;;;;;
;;;;;;;;
;;;;;;;;
;;;;;;;;
;;;;;;;;
;;;;;;;;
;;;;;;;;
;;;;;;;;
;;;;;;;;
;;;;;;;;
;;;;;;;;
